ID,Sequence
PRO1,"MSQARLYRQLTSDVGEGFTEEAAQYAIENVNADWNANALVKARNYQERQAMSVDRIYRQLTSEHGEGFTPEQAQYAIDNL
"
PRO2,"MRTIPIADDLITVLDHRVAASIQGGIFETARGAPYRIASADGELRKTVTRLRECVTFHSFRHLYASRLISAGVSVKQVQRDLGHTTVSTTLDTYVPFFPGLNNQPAAEIARMMKFMRATCGRLSAGV
"
PRO3,"MIVTNDLEVRVGARTLLDAPGQLLRVQPGDRIGLVGRNGAGKTTTMRILSGETKPYGGSVTTSGEIGYLPQDSREGNIEQTARDRVLSARGLDQLRSSMERQQEIMETATDPGKLDAAIRKYSRLEEQFQSLGGYEADAEAAQICDNLGLEARILDQQLKTLSGGQRRRVELAQILFAATNGSGKSKTTLLLDEPTNHLDADSITWLRDFLAKHEGGLIMISHDVELLGAVCNKIWYLDAVRSEADVYNMGFSKYVDARALDEARRRRERANAEKKAGALKDQAARLGAKATKAAAAKQMIARAERMIDNLDEIRVADRAANIVFPEPAPCGKTPLNAKGLTKMYGSLEVFAGVDLAIDKGSRVVVLGFNGAGKTTLLKLLAGVERTDGEGGIVTGYGLKIGYFAQEHDTIDPDKSVWQNTIEACADADQQSLRSLLGSFMFSGEQLDQPAGTLSGGEKTRLALATLVSSRANVLLLDEPTNNLDPISREQVLDALRTYTGAVVLVTHDPGAVKALEPERVIVLPDGTEDLWNDQYMEIVELA
"
PRO4,"MTAGETTTMNVTLTNPFDNAIFDRAVSLERPEGWQAEDVRVSIPSGESVTIPVQVTAPLVADNGELPVEVSILDGADRYTGRLNLTVQGGQEPAPTSVKVSIPNLKDTYVAGEKISINFAVNNPFDVTVNSVPSLGEGENWMPANLRGFDPEQGTPNCRYKNLGANKSYDCTTTTYEVSDLDVERGYVDIPTVWTFTNSAGETVWSKNVDVPRVELNGTQDAVTDAIVTVDPINPVHSNGQSQTVEVQANVTSEGDLPAGSKVAFYLDSSPIDTAAVDAEGHASISIDVDNIASEQPERTFEVRARLVVPEDAPRSIARDALARFTVLSEQVQQNSLVIMNHPDVFSDGQTKTIVIAAKATAHDGSPVAIGTLIAFRVNGIERDVVPTNAQGTAKLQLDLKPVNTEDEEYEVTVEAELDELTAQTTFKVLAGEEEEPTSTEEQPSETEQPSEPEEESTGVAGSSNGGSFVALLALLAALGGIVGAVLGLLKL
"
PRO5,"MLPIWMGLPFKKAGALSRRKAVFSALGAAALIGAALPTIPTAQAQTPTGYGFDATASISEEPEFSTQQLADGGTLGFDCYRIPSLGVAPNGNVLASWDGRPNNCSDAPQPNSIVGKVSTDNGATWGEQHDISAGITAEPKTGYSDPSIVVDWERGDVFNFHVKSFDAGYFTSQPGTDPDDRNVAHVAYAKSSDNGSTWVADTVITDQVVADDTWDSRFATSGNGIQLQYGAYKGRLVQPSVTRMTNGRVAAVAMLSDDHGATWYPSAPWGNSMDENKIVELSDGTLMNNSRSSGADTYRKVSYSTDGGVTWTEPTLDTQLPDPRNNASLIRVFPTAPEGSAQAKVLLFSNTATTSGRTNGTVRMSCDDGQTWPVSKVFEPGAIQYTSMATLPNGDIGML
"
PRO6,"MGIFSGRQFPREIILWAVRWYCRYGVSYRDLEEMMTERGVPVDHTTIYRWVQKYAPELDKKTRWYRQVPDWQARSWRVDETYIRVGGKWCYLYRAITAGSQTLDFYLSPKRNVAAAKRFLAKTLRSNKSAGYPRVISTDKAPSLARAISELKAEGVCPSTVEHRRVKYLNNVIEGDHGRLKRILGPKGAFKNRTSAYRTLKGMEAMHSLRKGQGTMFAYGHPNPDAVIVSRVFETA
"
PRO7,"MTSKGQESSSDSTAGMDYIIRYSLNEFQRGSIVTRFETPPDKREVFGVLERYGISSTQVSEYSVSPARGVQQALTPVHQDIVEAQPSEDTSPPPLDRRKRKSGCGWVAVAIVVIAFVTPAVTAERSYTTGQSLAPSASRNLSFGERYDFCDAQLRYIAVSDENYWDEAPGFFEDRVSNNPIHPANLSFLVGCMSD
"
PRO8,"MSEHTENTTEVEDQNASTFEAQSSERPEQSEADLAKASDVEEYMRDVIDPELGINVVDLGLVYDIYIINGNEAHIDMTLTSPACPLTDVIEDQARTAIVGNGIAEKMSLNWVWMPPWGPHMITEEGRAQLQALGFAV
"
PRO9,"MNLEQMYQEVILDHYKNPQHKGLRDPFDAEVHHVNPSCGDELTLRVKLSEDGSTVEDVSYEAVGCSISQASTSVMAEEIVGQPVDKALEKLTEFEKMIVSRGQFVGDEDLIGDGVAFSGVAKYPARVKCALLGWKAFQAATADAVAHAH
"
PRO10,"MSDFLNADGSLNVDKVREEFPILKRTVRDGKPLAYLDSGATSQRPERVWRAEEHFVLHTNAPVHRGAYQLAEEATDAYEGAREKIAAFVGAEQHEIAFTKNATEALNLVAYTLGDDRSGKYRVQAGDTVVITELEHHANLVPWQELCRRTGATLKWYKVTEDGRIDLDSLELDETVKVVAFTHQSNVTGAVADVPELVRRAKAVGALTVLDACQSVPHMPVNFHELDVDFSAFSGHKMLGPAGVGVVYAKSPILDELPPFLTGGSMIEVVTMEGSTYAAAPQRFEAGTQMTSQVVGLGAAVDMLNEIGMEAIAAHEHALTAYALEKLTAIKGLTIAGPLTAEQRGGAISFGVEGIHPHDLGQVLDDQGVNIRVGHHCAWPVHRSMNVQSTARASFYLYNTFEEIDRLAAAIEKAKQFFGVE
"
